{"start":{"0":1.114557823,"1":1.451247166,"2":1.845986395,"3":2.426485261,"4":2.798004535,"5":3.192743765,"6":3.773242631,"7":6.861496599,"8":7.302675737,"9":7.63936508,"10":9.93814059,"11":11.702857143,"12":11.923446712,"13":13.432743765,"14":13.815873016,"15":14.454421769,"16":14.791111111,"17":14.965260771,"18":15.40643991,"19":16.137868481,"20":20.015600907,"21":22.30276644,"22":26.180498867,"23":26.77260771,"24":28.490884354,"25":30.24399093,"26":32.357006803,"27":34.679002268,"28":38.53351474,"29":39.160453515,"30":39.497142857,"31":40.820680272,"32":44.721632653,"33":46.660498867,"34":47.020408164,"35":62.577777778,"36":62.995736962,"37":63.344036282,"38":63.91292517,"39":65.654421769,"40":66.037551021,"41":66.467120182,"42":69.578594105,"43":70.147482994,"44":70.5538322,"45":70.762811792,"46":70.913741497,"47":71.320090703,"48":71.935419501,"49":72.318548753,"50":72.713287982,"51":75.02367347,"52":75.255873016,"53":75.488072563,"54":75.824761905,"55":78.14675737,"56":79.923083901,"57":81.687800454,"58":82.09414966,"59":84.416145125,"60":87.550839003,"61":87.9107483,"62":88.317097506,"63":88.90920635,"64":89.292335601,"65":90.68553288,"66":94.191746032,"67":94.563265306,"68":95.190204082,"69":96.896870749,"70":97.291609978,"71":97.674739229,"72":125.794104309,"73":128.092879819,"74":128.476009071,"75":128.893968254,"76":132.005442177,"77":134.315827665,"78":137.392471656,"79":138.205170068,"80":140.527165533,"81":144.416507937,"82":144.788027211,"83":146.738503402,"84":150.593015873,"85":152.915011338,"86":156.76952381,"87":159.091519275,"88":162.946031746,"89":165.233197279,"90":171.43292517,"91":187.652063492,"92":189.985668935,"93":193.886621316,"94":196.185396826,"95":199.703219955,"96":200.074739229,"97":202.419954649,"98":204.115011338,"99":208.550022676,"100":212.427755102,"101":214.726530613},"duration":{"0":0.232199547,"1":0.336689342,"2":0.104489796,"3":0.127709751,"4":0.34829932,"5":0.116099773,"6":0.336689342,"7":0.139319728,"8":0.255419501,"9":0.278639455,"10":0.34829932,"11":0.127709751,"12":0.116099774,"13":0.197369614,"14":0.359909297,"15":0.139319728,"16":0.150929706,"17":0.104489796,"18":0.150929705,"19":0.325079365,"20":0.325079365,"21":0.34829932,"22":0.336689342,"23":0.139319728,"24":0.336689342,"25":0.139319728,"26":0.359909297,"27":0.325079365,"28":0.464399093,"29":0.116099773,"30":0.104489796,"31":0.359909298,"32":0.34829932,"33":0.150929705,"34":0.383129251,"35":0.127709751,"36":0.150929705,"37":0.336689342,"38":0.139319728,"39":0.139319728,"40":0.394739229,"41":0.139319728,"42":0.336689342,"43":0.220589569,"44":0.139319728,"45":0.12770975,"46":0.197369614,"47":0.162539683,"48":0.127709751,"49":0.17414966,"50":0.127709751,"51":0.220589569,"52":0.116099773,"53":0.12770975,"54":0.301859411,"55":0.116099773,"56":0.12770975,"57":0.162539682,"58":0.290249433,"59":0.336689342,"60":0.116099773,"61":0.17414966,"62":0.325079365,"63":0.232199546,"64":0.127709751,"65":0.336689343,"66":0.220589569,"67":0.336689343,"68":0.17414966,"69":0.150929705,"70":0.336689342,"71":0.116099774,"72":0.313469387,"73":0.150929705,"74":0.336689342,"75":0.150929706,"76":0.325079365,"77":0.359909297,"78":0.162539682,"79":0.313469388,"80":0.336689343,"81":0.313469388,"82":0.243809524,"83":0.359909297,"84":0.313469388,"85":0.301859411,"86":0.313469388,"87":0.336689342,"88":0.313469388,"89":0.359909297,"90":0.150929706,"91":0.336689343,"92":0.313469387,"93":0.325079365,"94":0.313469388,"95":0.150929705,"96":0.313469388,"97":0.30185941,"98":0.139319728,"99":0.336689342,"100":0.313469388,"101":0.313469387},"notenbr":{"0":43,"1":40,"2":40,"3":40,"4":43,"5":40,"6":37,"7":38,"8":43,"9":40,"10":37,"11":35,"12":36,"13":43,"14":40,"15":43,"16":40,"17":40,"18":43,"19":37,"20":40,"21":37,"22":40,"23":43,"24":37,"25":35,"26":40,"27":37,"28":40,"29":43,"30":40,"31":37,"32":40,"33":38,"34":37,"35":38,"36":43,"37":40,"38":43,"39":37,"40":42,"41":40,"42":40,"43":43,"44":40,"45":43,"46":43,"47":40,"48":37,"49":42,"50":40,"51":38,"52":40,"53":43,"54":40,"55":37,"56":35,"57":43,"58":40,"59":37,"60":38,"61":43,"62":40,"63":43,"64":40,"65":37,"66":43,"67":40,"68":43,"69":37,"70":42,"71":40,"72":40,"73":37,"74":42,"75":40,"76":40,"77":37,"78":38,"79":40,"80":37,"81":40,"82":40,"83":37,"84":40,"85":37,"86":40,"87":37,"88":40,"89":37,"90":37,"91":40,"92":37,"93":40,"94":37,"95":43,"96":40,"97":37,"98":35,"99":37,"100":40,"101":37},"pcname":{"0":"G","1":"E","2":"E","3":"E","4":"G","5":"E","6":"C#","7":"D","8":"G","9":"E","10":"C#","11":"B","12":"C","13":"G","14":"E","15":"G","16":"E","17":"E","18":"G","19":"C#","20":"E","21":"C#","22":"E","23":"G","24":"C#","25":"B","26":"E","27":"C#","28":"E","29":"G","30":"E","31":"C#","32":"E","33":"D","34":"C#","35":"D","36":"G","37":"E","38":"G","39":"C#","40":"F#","41":"E","42":"E","43":"G","44":"E","45":"G","46":"G","47":"E","48":"C#","49":"F#","50":"E","51":"D","52":"E","53":"G","54":"E","55":"C#","56":"B","57":"G","58":"E","59":"C#","60":"D","61":"G","62":"E","63":"G","64":"E","65":"C#","66":"G","67":"E","68":"G","69":"C#","70":"F#","71":"E","72":"E","73":"C#","74":"F#","75":"E","76":"E","77":"C#","78":"D","79":"E","80":"C#","81":"E","82":"E","83":"C#","84":"E","85":"C#","86":"E","87":"C#","88":"E","89":"C#","90":"C#","91":"E","92":"C#","93":"E","94":"C#","95":"G","96":"E","97":"C#","98":"B","99":"C#","100":"E","101":"C#"},"octave":{"0":4,"1":4,"2":4,"3":4,"4":4,"5":4,"6":4,"7":4,"8":4,"9":4,"10":4,"11":3,"12":4,"13":4,"14":4,"15":4,"16":4,"17":4,"18":4,"19":4,"20":4,"21":4,"22":4,"23":4,"24":4,"25":3,"26":4,"27":4,"28":4,"29":4,"30":4,"31":4,"32":4,"33":4,"34":4,"35":4,"36":4,"37":4,"38":4,"39":4,"40":4,"41":4,"42":4,"43":4,"44":4,"45":4,"46":4,"47":4,"48":4,"49":4,"50":4,"51":4,"52":4,"53":4,"54":4,"55":4,"56":3,"57":4,"58":4,"59":4,"60":4,"61":4,"62":4,"63":4,"64":4,"65":4,"66":4,"67":4,"68":4,"69":4,"70":4,"71":4,"72":4,"73":4,"74":4,"75":4,"76":4,"77":4,"78":4,"79":4,"80":4,"81":4,"82":4,"83":4,"84":4,"85":4,"86":4,"87":4,"88":4,"89":4,"90":4,"91":4,"92":4,"93":4,"94":4,"95":4,"96":4,"97":4,"98":3,"99":4,"100":4,"101":4},"notelen":{"0":"3n","1":"4n","2":"2n","3":"2n","4":"4n","5":"2n","6":"4n","7":"2n","8":"3n","9":"3n","10":"4n","11":"2n","12":"2n","13":"3n","14":"4n","15":"2n","16":"2n","17":"2n","18":"2n","19":"4n","20":"4n","21":"4n","22":"4n","23":"2n","24":"4n","25":"2n","26":"4n","27":"4n","28":"5n","29":"2n","30":"2n","31":"4n","32":"4n","33":"2n","34":"4n","35":"2n","36":"2n","37":"4n","38":"2n","39":"2n","40":"5n","41":"2n","42":"4n","43":"3n","44":"2n","45":"2n","46":"3n","47":"2n","48":"2n","49":"2n","50":"2n","51":"3n","52":"2n","53":"2n","54":"4n","55":"2n","56":"2n","57":"2n","58":"3n","59":"4n","60":"2n","61":"2n","62":"4n","63":"3n","64":"2n","65":"4n","66":"3n","67":"4n","68":"2n","69":"2n","70":"4n","71":"2n","72":"4n","73":"2n","74":"4n","75":"2n","76":"4n","77":"4n","78":"2n","79":"4n","80":"4n","81":"4n","82":"3n","83":"4n","84":"4n","85":"4n","86":"4n","87":"4n","88":"4n","89":"4n","90":"2n","91":"4n","92":"4n","93":"4n","94":"4n","95":"2n","96":"4n","97":"4n","98":"2n","99":"4n","100":"4n","101":"4n"},"16s":{"0":11.0,"1":15.0,"2":19.0,"3":25.0,"4":29.0,"5":33.0,"6":39.0,"7":71.0,"8":75.0,"9":79.0,"10":103.0,"11":121.0,"12":123.0,"13":139.0,"14":143.0,"15":149.0,"16":153.0,"17":154.0,"18":159.0,"19":166.0,"20":206.0,"21":230.0,"22":270.0,"23":276.0,"24":294.0,"25":312.0,"26":334.0,"27":358.0,"28":397.0,"29":404.0,"30":407.0,"31":421.0,"32":461.0,"33":481.0,"34":485.0,"35":645.0,"36":650.0,"37":653.0,"38":659.0,"39":677.0,"40":681.0,"41":686.0,"42":718.0,"43":724.0,"44":728.0,"45":730.0,"46":731.0,"47":736.0,"48":742.0,"49":746.0,"50":750.0,"51":774.0,"52":776.0,"53":779.0,"54":782.0,"55":806.0,"56":824.0,"57":843.0,"58":847.0,"59":871.0,"60":903.0,"61":907.0,"62":911.0,"63":917.0,"64":921.0,"65":935.0,"66":972.0,"67":975.0,"68":982.0,"69":999.0,"70":1004.0,"71":1008.0,"72":1298.0,"73":1321.0,"74":1325.0,"75":1330.0,"76":1362.0,"77":1385.0,"78":1417.0,"79":1426.0,"80":1450.0,"81":1490.0,"82":1494.0,